INSERT INTO permissions (code, description) VALUES
('JOB_CREATE', 'Create a job'),
('JOB_READ', 'Read job details'),
('JOB_UPDATE', 'Update job details'),
('JOB_DELETE', 'Delete a job'),
('CANDIDATE_CREATE', 'Create a candidate profile'),
('CANDIDATE_READ', 'Read candidate details'),
('CANDIDATE_UPDATE', 'Update candidate profile'),
('CANDIDATE_DELETE', 'Delete a candidate profile'),
('APPLICATION_VIEW', 'View applications'),
('APPLICATION_STATUS_CHANGE', 'Change application status'),
('INTERVIEW_SCHEDULE', 'Schedule interviews'),
('INTERVIEW_MANAGE', 'Manage interviews'),
('NOTIFICATION_SEND', 'Send notifications'),
('REPORT_GENERATE', 'Generate reports');

INSERT INTO role_permissions (role_code, permission_code) VALUES
('ADMIN', 'JOB_CREATE'),
('ADMIN', 'JOB_READ'),
('ADMIN', 'JOB_UPDATE'),
('ADMIN', 'JOB_DELETE'),
('ADMIN', 'CANDIDATE_CREATE'),
('ADMIN', 'CANDIDATE_READ'),
('ADMIN', 'CANDIDATE_UPDATE'),
('ADMIN', 'CANDIDATE_DELETE'),
('ADMIN', 'APPLICATION_VIEW'),
('ADMIN', 'APPLICATION_STATUS_CHANGE'),
('ADMIN', 'INTERVIEW_SCHEDULE'),
('ADMIN', 'INTERVIEW_MANAGE'),
('ADMIN', 'NOTIFICATION_SEND'),
('ADMIN', 'REPORT_GENERATE'),
('RECRUITER', 'JOB_CREATE'),
('RECRUITER', 'JOB_READ'),
('RECRUITER', 'JOB_UPDATE'),
('RECRUITER', 'CANDIDATE_CREATE'),
('RECRUITER', 'CANDIDATE_READ'),
('RECRUITER', 'APPLICATION_VIEW'),
('RECRUITER', 'APPLICATION_STATUS_CHANGE'),
('RECRUITER', 'INTERVIEW_SCHEDULE'),
('RECRUITER', 'NOTIFICATION_SEND'),
('HIRING_MANAGER', 'JOB_READ'),
('HIRING_MANAGER', 'CANDIDATE_READ'),
('HIRING_MANAGER', 'APPLICATION_VIEW'),
('HIRING_MANAGER', 'INTERVIEW_MANAGE'),
('HIRING_MANAGER', 'REPORT_GENERATE'),
('CANDIDATE', 'APPLICATION_VIEW'),
('CANDIDATE', 'NOTIFICATION_SEND'),
('CANDIDATE', 'REPORT_GENERATE'),
('INTERVIEWER', 'INTERVIEW_MANAGE'),
('INTERVIEWER', 'APPLICATION_VIEW'),
('INTERVIEWER', 'NOTIFICATION_SEND'),
('INTERVIEWER', 'REPORT_GENERATE'),
('GUEST', 'JOB_READ'),
('GUEST', 'CANDIDATE_READ'),
('GUEST', 'APPLICATION_VIEW'),
('GUEST', 'REPORT_GENERATE'),
('USER', 'JOB_READ'),
('USER', 'CANDIDATE_READ'),
('USER', 'APPLICATION_VIEW'),
('USER', 'REPORT_GENERATE');

INSERT INTO users_permissions (user_id, permission_code) VALUES
('aaaaaaaa-aaaa-aaaa-aaaa-aaaaaaaaaaaa', 'JOB_CREATE'),
('aaaaaaaa-aaaa-aaaa-aaaa-aaaaaaaaaaaa', 'CANDIDATE_CREATE'),
('bbbbbbbb-bbbb-bbbb-bbbb-bbbbbbbbbbbb', 'APPLICATION_VIEW'),
('cccccccc-cccc-cccc-cccc-cccccccccccc', 'INTERVIEW_MANAGE'),
('dddddddd-dddd-dddd-dddd-dddddddddddd', 'NOTIFICATION_SEND');


